Rank	Token	No space  (nsp)	MTW  identifiers	First			Second		
				MWE identifier	Type	SEL	MWE identifier	Type	SEL
'1	Jogerősen								
'2	felmentette								
'3	a								
'4	Fővárosi								
'5	Ítélőtábla								
'6	a								
'7	csalással								
'8	és								
'9	hűtlen								
'10	kezeléssel								
'11	vádolt								
'12	Kovács								
'13	Lajost								
'14	,								
'15	a								
'16	Főtáv								
'17	volt								
'18	vezérigazgatóját								
'19	-								
'20	erősítette								
'21	meg								
'22	az								
'23	MTI								
'24	információját								
'25	Papp								
'26	Gábor								
'27	ügyvéd								
'28	kedden								
'29	.								
									
'1	A								
'2	másodfokon								
'3	eljáró								
'4	bíróság								
'5	helyben			1	OTH				
'6	hagyta			1					
'7	a								
'8	Fővárosi								
'9	Törvényszék								
'10	bűncselekmény								
'11	hiányára								
'12	hivatkozó								
'13	felmentő								
'14	ítéletét								
'15	.								
									
'1	Az								
'2	ügyészség								
'3	egyebek								
'4	mellett								
'5	azzal								
'6	vádolta								
'7	Kovács								
'8	Lajost								
'9	,								
'10	hogy								
'11	a								
'12	vezérigazgató								
'13	rábírta								
'14	a								
'15	Főtáv								
'16	igazgatóságát								
'17	,								
'18	adják								
'19	hozzájárulásukat								
'20	a								
'21	Csepeli								
'22	Hőszolgáltató								
'23	Kft.								
'24	üzletrészének								
'25	megvásárlásához								
'26	,								
'27	holott								
'28	a								
'29	cégnek								
'30	a								
'31	vád								
'32	szerint								
'33	nem								
'34	volt								
'35	engedélye								
'36	közületi								
'37	hőszolgáltatási								
'38	tevékenység								
'39	végzésére								
'40	,								
'41	és								
'42	érvényes								
'43	hőszolgáltatási								
'44	szerződése								
'45	sem								
'46	volt								
'47	a								
'48	társasházként								
'49	működő								
'50	csepeli								
'51	Rákóczi								
'52	Liget								
'53	lakóparkkal								
'54	.								
									
'1	A								
'2	jóváhagyás								
'3	alapján								
'4	a								
'5	Főtáv								
'6	Zrt.								
'7	2008-ban								
'8	180								
'9	millió								
'10	forintért								
'11	megvásárolta								
'12	a								
'13	kft.								
'14	-t								
'15	,								
'16	annak								
'17	azonban								
'18	a								
'19	vád								
'20	szerint								
'21	sem								
'22	anyagi								
'23	lehetősége								
'24	,								
'25	sem								
'26	technikai								
'27	tudása								
'28	nem								
'29	volt								
'30	a								
'31	társasház								
'32	fűtési								
'33	rendszerének								
'34	kiépítésére								
'35	.								
									
'1	A								
'2	vád								
'3	szerint								
'4	a								
'5	szerződés								
'6	megkötésével								
'7	a								
'8	felek								
'9	célja								
'10	az								
'11	volt								
'12	,								
'13	hogy								
'14	anyagi								
'15	fedezetet								
'16	nyújtsanak								
'17	a								
'18	Gyarmati								
'19	Zoltán								
'20	másodrendű								
'21	vádlott								
'22	által								
'23	vezetett								
'24	Csepeli								
'25	Lakásfejlesztő								
'26	Zrt.-nek								
'27	(								
'28	CSLF								
'29	)								
'30	a								
'31	lakópark								
'32	kivitelezési								
'33	munkálatainak								
'34	befejezésére								
'35	,								
'36	mivel								
'37	likviditási								
'38	problémái								
'39	miatt								
'40	a								
'41	zrt.								
'42	a								
'43	lakóparkot								
'44	a								
'45	vállalt								
'46	határidőre								
'47	és								
'48	műszaki								
'49	tartalommal								
'50	nem								
'51	tudta								
'52	átadni								
'53	.								
									
'1	Az								
'2	ügyészség								
'3	szerint								
'4	ezzel								
'5	Kovács								
'6	Lajos								
'7	ténylegesen								
'8	120								
'9	millió								
'10	forint								
'11	kárt								
'12	okozott								
'13	a								
'14	Főtáv								
'15	Zrt.-nek								
'16	.								
									
'1	A								
'2	Fővárosi								
'3	Törvényszék								
'4	még								
'5	2014								
'6	februárjában								
'7	ezzel								
'8	szemben								
'9	azt								
'10	állapította								
'11	meg								
'12	,								
'13	hogy								
'14	sem								
'15	a								
'16	mintegy								
'17	fél								
'18	évet								
'19	előzetes								
'20	letartóztatásban								
'21	lévő								
'22	Kovács								
'23	Lajos								
'24	,								
'25	sem								
'26	megvádolt								
'27	társai								
'28	nem								
'29	követték								
'30	el								
'31	a								
'32	terhükre								
'33	rótt								
'34	bűncselekményeket								
'35	.								
									
'1	A								
'2	most								
'3	helybenhagyott								
'4	elsőfokú								
'5	döntés								
'6	azt								
'7	állapította								
'8	meg								
'9	Kovács								
'10	Lajos								
'11	esetében								
'12	-								
'13	a								
'14	vádiratban								
'15	foglaltaktól								
'16	eltérően								
'17	-								
'18	,								
'19	hogy								
'20	a								
'21	Főtávnál								
'22	végeztek								
'23	hatástanulmányokat								
'24	,								
'25	gazdasági								
'26	számításokat								
'27	a								
'28	beruházással								
'29	kapcsolatban								
'30	,								
'31	az								
'32	igazgatósági								
'33	ülést								
'34	szabályszerűen								
'35	hívták								
'36	össze								
'37	,								
'38	és								
'39	Kovács								
'40	Lajos								
'41	azon								
'42	az								
'43	ülésen								
'44	nem								
'45	is								
'46	tett			1	LVC				
'47	beruházást								
'48	támogató								
'49	kijelentéseket			1					
'50	.								
									
'1	Az								
'2	elsőfokú								
'3	bíróság								
'4	kimondta								
'5	:								
'6	a								
'7	bizonyítékok								
'8	alapján								
'9	nem								
'10	felel								
'11	meg								
'12	a								
'13	valóságnak								
'14	,								
'15	hogy								
'16	a								
'17	volt								
'18	vezérigazgató								
'19	megtévesztette								
'20	volna								
'21	az								
'22	igazgatósági								
'23	tagokat								
'24	,								
'25	és								
'26	-								
'27	az								
'28	ügyészség								
'29	álláspontjával								
'30	szemben								
'31	-								
'32	kár								
'33	sem								
'34	érte								
'35	a								
'36	Főtávot								
'37	az								
'38	ügy								
'39	miatt								
'40	.								
									
'1	A								
'2	törvényszék								
'3	szerint								
'4	egyértelmű								
'5	ugyanis								
'6	,								
'7	hogy								
'8	a								
'9	Főtáv								
'10	csak								
'11	úgy								
'12	kerülhetett								
'13	ebbe								
'14	az								
'15	üzletbe								
'16	,								
'17	ha								
'18	fizet								
'19	az								
'20	üzletrészért								
'21	,								
'22	és								
'23	ma								
'24	is								
'25	nyereséges								
'26	a								
'27	lakópark								
'28	hőszolgáltatása								
'29	-								
'30	állapította								
'31	meg								
'32	a								
'33	bíróság								
'34	.								
									
'1	A								
'2	bíróság								
'3	még								
'4	2014-ben								
'5	felhívta								
'6	a								
'7	figyelmet								
'8	arra								
'9	,								
'10	hogy								
'11	az								
'12	üzletrészvásárlást								
'13	körültekintően								
'14	készítette								
'15	elő								
'16	a								
'17	Főtáv								
'18	,								
'19	Kovács								
'20	Lajos								
'21	külső								
'22	ügyvédi								
'23	irodát								
'24	vont								
'25	be								
'26	a								
'27	szerződés								
'28	előkészítésébe								
'29	,								
'30	felbecsültette								
'31	az								
'32	üzletrész								
'33	értékét								
'34	,								
'35	és								
'36	több								
'37	,								
'38	a								
'39	Főtáv								
'40	érdekét								
'41	szolgáló								
'42	biztosítékot								
'43	is								
'44	beépítettek								
'45	a								
'46	szerződésbe								
'47	.								
									
'1	A								
'2	bíróság								
'3	azt								
'4	is								
'5	megállapította								
'6	,								
'7	hogy								
'8	nem								
'9	folyt								
'10	vissza								
'11	a								
'12	pénz								
'13	a								
'14	CSLF-nek								
'15	,								
'16	ráadásul								
'17	a								
'18	másodrendű								
'19	vádlott								
'20	cégének								
'21	a								
'22	vádbeli								
'23	időszakban								
'24	nem								
'25	volt								
'26	fizetési								
'27	nehézsége								
'28	.								
									
'1	Az								
'2	ügyészség								
'3	azzal								
'4	is								
'5	vádolta								
'6	Kovács								
'7	Lajost								
'8	,								
'9	hogy								
'10	2007								
'11	novemberében								
'12	indokolatlan								
'13	és								
'14	aránytalan								
'15	díjszabást								
'16	tartalmazó								
'17	reklámszerződést			1	LVC				
'18	kötött			1					
'19	a								
'20	káposztásmegyeri								
'21	jégcsarnok								
'22	üzemeltetőjével								
'23	,								
'24	annak								
'25	ellenére								
'26	,								
'27	hogy								
'28	az								
'29	adott								
'30	időszakra								
'31	már								
'32	volt								
'33	létező								
'34	reklámszerződése								
'35	a								
'36	jégcsarnok								
'37	legnagyobb								
'38	bérlőjével								
'39	.								
									
'1	Ezzel								
'2	a								
'3	vád								
'4	szerint								
'5	a								
'6	Főtáv								
'7	Zrt.								
									
'1	-								
'2	nek								
'3	24								
'4	millió								
'5	forint								
'6	vagyoni								
'7	hátrányt								
'8	okozott								
'9	.								
									
'1	A								
'2	bíróság								
'3	szerint								
'4	Kovács								
'5	Lajos								
'6	nem								
'7	szegte								
'8	meg								
'9	gazdálkodási								
'10	kötelezettségét								
'11	:								
'12	jogosult								
'13	volt								
'14	a								
'15	szerződést								
'16	megkötni								
'17	,								
'18	indokolt								
'19	volt								
'20	,								
'21	hogy								
'22	éppen								
'23	a								
'24	IV								
'25	.								
'26	kerületben								
'27	reklámozzanak								
'28	,								
'29	megelőzendő								
'30	,								
'31	hogy								
'32	újabb								
'33	fogyasztók								
'34	váljanak								
'35	le								
'36	a								
'37	távhőrendszerről								
'38	.								
									
'1	A								
'2	bíróság								
'3	utalt								
'4	arra								
'5	is								
'6	,								
'7	hogy								
'8	más								
'9	egy								
'10	csapatot								
'11	támogatni								
'12	,								
'13	amely								
'14	nem								
'15	csak								
'16	az								
'17	otthoni								
'18	pályán								
'19	játszik								
'20	,								
'21	és								
'22	más								
'23	egy								
'24	intézményt								
'25	,								
'26	amelynek								
'27	programját								
'28	vélhetően								
'29	sok								
'30	helyi								
'31	lakos								
'32	is								
'33	látogatja								
'34	.								
									
'1	Azzal								
'2	is								
'3	vádolta								
'4	az								
'5	ügyészség								
'6	Kovács								
'7	Lajost								
'8	,								
'9	hogy								
'10	2008								
'11	júniusában								
'12	szakmai								
'13	elvárások								
'14	és								
'15	hasznosítási								
'16	cél								
'17	nélküli								
'18	szerződést			1	LVC				
'19	kötött			1					
'20	az								
'21	ügy								
'22	egyik								
'23	további								
'24	vádlottjával								
'25	a								
'26	Főtáv								
'27	Zrt.								
'28	2007								
'29	július								
'30	és								
'31	2008								
'32	május								
'33	közötti								
'34	sajtómegjelenéseinek								
'35	elemzésére								
'36	,								
'37	annak								
'38	ellenére								
'39	,								
'40	hogy								
'41	a								
'42	Főtáv								
'43	Zrt.								
'44	saját								
'45	kommunikációs								
'46	igazgatósága								
'47	is								
'48	képes								
'49	lett								
'50	volna								
'51	a								
'52	feladatot								
'53	elvégezni								
'54	.								
									
'1	A								
'2	Fővárosi								
'3	Törvényszék								
'4	szerint								
'5	ugyanakkor								
'6	megállapítható								
'7	,								
'8	hogy								
'9	a								
'10	Főtávnál								
'11	a								
'12	leválások								
'13	miatt								
'14	változtatni								
'15	akartak								
'16	a								
'17	kommunikáción								
'18	,								
'19	szükséges								
'20	volt								
'21	egy								
'22	ilyen								
'23	tanulmány								
'24	készítése								
'25	,								
'26	és								
'27	nem								
'28	állapítható								
'29	meg								
'30	,								
'31	hogy								
'32	Kovács								
'33	Lajos								
'34	megszegte								
'35	volna								
'36	vagyonkezelői								
'37	kötelezettségét								
'38	a								
'39	szerződés								
'40	aláírásával								
'41	.								
									
'1	Sokat								
'2	bosszankodik								
'3	azon								
'4	,								
'5	hogy								
'6	egyesek								
'7	nem								
'8	tudnak								
'9	a								
'10	mozgólépcsőn								
'11	a								
'12	megfelelő								
'13	oldalra								
'14	állni								
'15	,								
'16	és								
'17	emiatt								
'18	nem								
'19	tud								
'20	a								
'21	metró								
'22	után								
'23	szaladni								
'24	?								
									
'1	Meglepő								
'2	lehet								
'3	azt								
'4	hallani								
'5	,								
'6	hogy								
'7	igazából								
'8	a								
'9	mozgólépcsőn								
'10	sétálók								
'11	lassítják								
'12	le								
'13	a								
'14	közlekedést								
'15	,								
'16	ami								
'17	sokkal								
'18	hatékonyabb								
'19	lenne								
'20	,								
'21	ha								
'22	mindenki								
'23	türelmesen								
'24	ácsorogna								
'25	.								
									
'1	Mindenki								
'2	azt								
'3	várja								
'4	el								
'5	a								
'6	mozgólépcsőzőktől								
'7	,								
'8	hogy								
'9	amennyiben								
'10	nem								
'11	sietnek								
'12	,								
'13	húzódjanak								
'14	félre								
'15	a								
'16	jobb								
'17	oldalra								
'18	,								
'19	mert								
'20	így								
'21	a								
'22	bal								
'23	oldalon								
'24	szabadon								
'25	lehet								
'26	szaladni								
'27	.								
									
'1	A								
'2	londoni								
'3	közlekedési								
'4	vállalat								
'5	kísérletéből								
'6	viszont								
'7	az								
'8	derült								
'9	ki								
'10	,								
'11	hogy								
'12	a								
'13	mozgólépcsők								
'14	sokkal								
'15	hatékonyabbak								
'16	,								
'17	ha								
'18	minden								
'19	lépcsőfok								
'20	maximálisan								
'21	ki			1	VPC				
'22	van								
'23	használva			1					
'24	álló								
'25	utasokkal								
'26	.								
									
'1	Fotó								
'2	:								
'3	Mohai								
'4	Balázs								
									
'1	Három								
'2	héten								
'3	át								
'4	azzal								
'5	szórakoztatták								
'6	az								
'7	utasokat								
'8	a								
'9	Holborn								
'10	állomásnál								
'11	(								
'12	ahol								
'13	évente								
'14	56								
'15	millió								
'16	ember								
'17	halad								
'18	át								
'19	)								
'20	,								
'21	hogy								
'22	megafonokba								
'23	kiabálva								
'24	buzdították								
'25	őket								
'26	a								
'27	rohangálás								
'28	megakadályozására								
'29	.								
									
'1	A								
'2	közlekedési								
'3	társaság								
'4	munkatársai								
'5	is								
'6	fel-alá								
'7	mászkáltak								
'8	a								
'9	lépcsőkön								
'10	,								
'11	hogy								
'12	blokkolják								
'13	az								
'14	utat								
'15	.								
									
'1	A								
'2	párokat								
'3	meg								
'4	egyenesen								
'5	arra								
'6	kérték								
'7	,								
'8	hogy								
'9	kézen								
'10	fogva								
'11	álljanak								
'12	egymás								
'13	mellett								
'14	,								
'15	nehogy								
'16	valaki								
'17	át								
'18	tudjon								
'19	férkőzni								
'20	közöttük								
'21	.								
									
'1	Az								
'2	már								
'3	a								
'4	Greenwich								
'5	Egyetem								
'6	2011-es								
'7	tanulmányából								
'8	kiderült								
'9	,								
'10	hogy								
'11	átlagosan								
'12	az								
'13	emberek								
'14	75								
'15	százaléka								
'16	áll								
'17	,								
'18	és								
'19	csupán								
'20	25								
'21	százalékuk								
'22	sétál								
'23	,								
'24	vagyis								
'25	a								
'26	mozgólépcső								
'27	felét								
'28	az								
'29	utasok								
'30	negyede								
'31	használja								
'32	,								
'33	ami								
'34	egyáltalán								
'35	nem								
'36	hangzik								
'37	jó								
'38	megoldásnak								
'39	.								
									
'1	Ehhez								
'2	még								
'3	azt								
'4	is								
'5	hozzá								
'6	kell								
'7	adni								
'8	,								
'9	hogy								
'10	az								
'11	álldogálók								
'12	nagyobb								
'13	távolságot								
'14	tartanak								
'15	egymás								
'16	közt								
'17	.								
									
'1	A								
'2	londoni								
'3	közlekedési								
'4	társaság								
'5	becslése								
'6	az								
'7	volt								
'8	,								
'9	hogy								
'10	percenként								
'11	akár								
'12	112,5								
'13	embert								
'14	is								
'15	el								
'16	tud								
'17	szállítani								
'18	a								
'19	mozgólépcső								
'20	,								
'21	a								
'22	korábbi								
'23	81,25								
'24	ember								
'25	helyett								
'26	,								
'27	ha								
'28	jobban								
'29	kihasználják								
'30	a								
'31	lépcsőfokokat								
'32	,								
'33	de								
'34	az								
'35	eredmény								
'36	ennél								
'37	sokkal								
'38	jobb								
'39	lett								
'40	.								
									
'1	A								
'2	számok								
'3	önmagukért								
'4	beszélnek								
'5	.								
									
'1	A								
'2	csúcsidőben								
'3	,								
'4	reggel								
'5	8								
'6	:								
'7	30								
'8	és								
'9	9								
'10	:								
'11	30								
'12	között								
'13	16220								
'14	utast								
'15	szállított								
'16	a								
'17	mozgólépcső								
'18	,								
'19	amikor								
'20	az								
'21	emberek								
'22	egymás								
'23	mellett								
'24	álltak								
									
'1	12745								
'2	utas								
'3	fért								
'4	fel								
'5	a								
'6	mozgólépcsőre								
'7	,								
'8	amikor								
'9	engedték								
'10	őket								
'11	rohangálni								
'12	.								
									
'1	Persze								
'2	azt								
'3	is								
'4	tudják								
'5	a								
'6	londoniak								
'7	,								
'8	hogy								
'9	a								
'10	kötelező								
'11	álldogálást								
'12	nehéz								
'13	lenne								
'14	lenyomni			1	ID				
'15	az								
'16	utasok								
'17	torkán			1					
'18	,								
'19	és								
'20	megütné			2	ID				
'21	a			2					
'22	guta			2					
'23	azokat								
'24	,								
'25	akik								
'26	csak								
'27	néhány								
'28	másodperccel								
'29	késik								
'30	le								
'31	a								
'32	metrót								
'33	,								
'34	mert								
'35	nem								
'36	tudtak								
'37	utána								
'38	rohanni								
'39	.								
									
'1	Javul								
'2	az								
'3	ellátás								
'4	,								
'5	Európában								
'6	,								
'7	csökken								
'8	az								
'9	egyenlőtlenség								
'10	a								
'11	leggazdagabb								
'12	és								
'13	legszegényebb								
'14	ország								
'15	között								
'16	,								
'17	viszont								
'18	a								
'19	kontinens								
'20	rangsorában								
'21	a								
'22	tavaly								
'23	három								
'24	helyet								
'25	előre								
'26	lépő								
'27	Magyarország								
'28	idén								
'29	két								
'30	hellyel								
'31	visszacsúszott								
'32	.								
									
'1	Sikertörténetként								
'2	aposztrofálja								
'3	az								
'4	európai								
'5	egészségügy								
'6	fejlődését								
'7	2015-ös								
'8	Európai								
'9	Egészségügyi								
'10	Fogyasztói								
'11	Index								
'12	(								
'13	Europe								
'14	Health								
'15	Consumer								
'16	Index								
'17	-								
'18	EHCI								
'19	)								
'20	most								
'21	publikált								
'22	eredményeit								
'23	az								
'24	azt								
'25	közzé			1	LVC				
'26	tevő			1					
'27	stockholmi								
'28	Health								
'29	Consulmer								
'30	Powerhouse								
'31	(								
'32	HCP								
'33	)								
'34	elnevezésű								
'35	szervezet								
'36	,								
'37	írta								
'38	a								
'39	Napi								
'40	.								
'41	hu								
									
'1	Az								
'2	EHCI								
'3	elmúlt								
'4	10								
'5	éve								
'6	ugyanis								
'7	folyamatos								
'8	javulásról								
'9	tanúskodik								
'10	a								
'11	pénzügyi								
'12	válság								
'13	által								
'14	kikényszerített								
'15	megszorító								
'16	intézkedések								
'17	-								
'18	közte								
'19	az								
'20	egészségügyi								
'21	büdzsék								
'22	növekedésének								
'23	visszafogása								
'24	-								
'25	,								
'26	és								
'27	a								
'28	betegek								
'29	elégedetlensége								
'30	ellenére								
'31	.								
									
'1	Míg								
'2	2006-ban								
'3	a								
'4	győztes								
'5	helyhez								
'6	Franciaországnak								
'7	elég								
'8	volt								
'9	768								
'10	pont								
'11	,								
'12	addig								
'13	2015-ben								
'14	már								
'15	ezt								
'16	a								
'17	szintet								
'18	a								
'19	csehek								
'20	is								
'21	elérték								
'22	,								
'23	ami								
'24	most								
'25	a								
'26	13								
'27	helyre								
'28	elég								
'29	és								
'30	több								
'31	más								
'32	ország								
'33	is								
'34	e								
'35	körül								
'36	a								
'37	szint								
'38	körül								
'39	áll								
'40	a								
'41	vizsgált								
'42	35-ből								
'43	.								
									
'1	Azaz								
'2	10								
'3	év								
'4	alatt								
'5	a								
'6	kitűnő								
'7	teljesítmény								
'8	átlagossá								
'9	vált								
'10	a								
'11	finanszírozási								
'12	feszültségek								
'13	,								
'14	integrációs								
'15	problémák								
'16	és								
'17	számos								
'18	országban								
'19	még								
'20	a								
'21	politikai								
'22	felfordulás								
'23	közepette								
'24	is								
'25	.								
									
'1	A								
'2	kulcs								
'3	indikátorok								
'4	,								
'5	a								
'6	szívbetegségek								
'7	,								
'8	a								
'9	stroke								
'10	és								
'11	a								
'12	rák								
'13	túlélési								
'14	rátája								
'15	annak								
'16	ellenére								
'17	javul								
'18	,								
'19	hogy								
'20	mind								
'21	több								
'22	problémát								
'23	okoz								
'24	az								
'25	elhízás								
'26	,								
'27	az								
'28	egészségtelen								
'29	ételek								
'30	fogyasztása								
'31	és								
'32	a								
'33	mozgásszegény								
'34	életmód								
'35	.								
									
'1	Folyamatosan								
'2	esik			1	VPC				
'3	vissza			1					
'4	a								
'5	csecsemőhalandóság								
'6	,								
'7	ami								
'8	még								
'9	a								
'10	pénzügyi								
'11	válság								
'12	által								
'13	súlyosan								
'14	érintett								
'15	balti								
'16	országokra								
'17	is								
'18	jellemző								
'19	.								
									
'1	Mérséklődött								
'2	az								
'3	egyenlőtlenség								
'4	,								
'5	de								
'6	nem								
'7	Magyarországon								
									
'1	A								
'2	frissen								
'3	közölt								
'4	adatok								
'5	szerint								
'6	csökkent								
'7	az								
'8	egészségügyi								
'9	egyenlőtlenség								
'10	a								
'11	gazdag								
'12	és								
'13	kevésbé								
'14	gazdag								
'15	európai								
'16	országok								
'17	között								
'18	:								
'19	2013-ban								
'20	és								
'21	2014-ben								
'22	még								
'23	nőtt								
'24	a								
'25	különbség								
'26	a								
'27	két								
'28	véglet								
'29	között								
'30	,								
'31	ám								
'32	az								
'33	egyre								
'34	nyíló								
'35	olló								
'36	2015-ben								
'37	újra								
'38	zárulni								
'39	kezdett								
'40	:								
'41	a								
'42	lista								
'43	két								
'44	végén								
'45	álló								
'46	állam								
'47	46								
'48	ponttal								
'49	közelebb								
'50	került								
'51	egymáshoz								
'52	tavaly								
'53	a								
'54	2014-es								
'55	eredményhez								
'56	képest								
'57	,								
'58	s								
'59	a								
'60	nyolc								
'61	legkevésbé								
'62	prosperáló								
'63	országban								
'64	átlagosan								
'65	32								
'66	ponttal								
'67	erősödött								
'68	az								
'69	index								
'70	értéke								
'71	.								
									
'1	A								
'2	hátulról								
'3	a								
'4	9								
'5	helyen								
'6	álló								
'7	Magyarországon								
'8	eközben								
'9	23								
'10	pontos								
'11	csökkenést								
'12	mértek								
'13	.								
									
'1	Összességében								
'2	a								
'3	betegjogok								
'4	területén								
'5	folyamatos								
'6	a								
'7	javulás								
'8	.								
									
'1	Egyre								
'2	több								
'3	országban								
'4	az								
'5	egészségügyi								
'6	szabályozás								
'7	alapja								
'8	a								
'9	betegjogok								
'10	érvényesítése								
'11	és								
'12	általánossá								
'13	vált								
'14	,								
'15	hogy								
'16	a								
'17	betegek								
'18	hozzáférnek								
'19	a								
'20	saját								
'21	egészségügyi								
'22	adataikhoz								
'23	.								
									
'1	Az								
'2	a								
'3	tény								
'4	,								
'5	hogy								
'6	már								
'7	kilenc								
'8	országban								
'9	rangsorolják								
'10	minőségi								
'11	mutatók								
'12	szerint								
'13	a								
'14	kórházakat								
'15	,								
'16	jelzi								
'17	,								
'18	hogy								
'19	e								
'20	területen								
'21	is								
'22	megmozdult								
'23	valami								
'24	.								
									
'1	Hollandia								
'2	masszívan								
'3	az								
'4	élen								
									
'1	Az								
'2	elemzés								
'3	szerint								
'4	a								
'5	holland								
'6	egészségügyi								
'7	rendszer								
'8	a								
'9	legjobb								
'10	,								
'11	hiszen								
'12	egyedül								
'13	Hollandia								
'14	lépte								
'15	át								
'16	a								
'17	900								
'18	pontos								
'19	határt								
'20	-								
'21	amire								
'22	az								
'23	index								
'24	történetében								
'25	ilyenre								
'26	most								
'27	először								
'28	van								
'29	példa								
'30	.								
									
'1	Az								
'2	ország								
'3	916								
'4	pontot								
'5	szerzett								
'6	az								
'7	1000-ből								
'8	az								
'9	egy								
'10	évvel								
'11	korábbi								
'12	898								
'13	után								
'14	.								
									
'1	Hollandia								
'2	az								
'3	egyetlen								
'4	olyan								
'5	ország								
'6	,								
'7	amely								
'8	az								
'9	EHCI								
'10	indulása								
'11	(								
'12	2005								
'13	)								
'14	óta								
'15	mindig								
'16	dobogós								
'17	helyen								
'18	végzett								
'19	a								
'20	rangsorban								
'21	.								
									
'1	Nyolc								
'2	országban								
'3	meghaladta								
'4	a								
'5	800								
'6	pontot								
'7	az								
'8	index								
'9	értéke								
'10	,								
'11	az								
'12	összesített								
'13	mutató								
'14	hat								
'15	államban								
'16	-								
'17	köztük								
'18	Magyarországon								
'19	-								
'20	nem								
'21	érte								
'22	el								
'23	a								
'24	600								
'25	pontot								
'26	.								
									
'1	A								
'2	holland								
'3	egészségügy								
'4	a								
'5	hat								
'6	alindexből								
'7	négyben								
'8	vezető								
'9	helyet								
'10	szerzett								
'11	2015-ben								
'12	is								
'13	,								
'14	vagy								
'15	másik								
'16	országgal								
'17	közösen								
'18	osztozik								
'19	az								
'20	első								
'21	helyen								
'22	.								
									
'1	Úgy								
'2	tűnik								
'3	nincs								
'4	is								
'5	igazán								
'6	gyenge								
'7	pontja								
'8	a								
'9	rendszernek								
'10	,								
'11	néhány								
'12	várólistás								
'13	területet								
'14	kivéve								
'15	,								
'16	amelyben								
'17	viszont								
'18	néhány								
'19	kelet-európai								
'20	ország								
'21	teljesít								
'22	kitűnően								
'23	-								
'24	derül			1	VPC				
'25	ki			1					
'26	az								
'27	elemzésből								
'28	.								
									
'1	Várólista								
'2	gondok								
'3	az								
'4	élenjárók								
'5	között								
'6	is								
									
'1	További								
'2	toplistások								
'3	-								
'4	csakúgy								
'5	mint								
'6	tavaly								
'7	-								
'8	Svájc								
'9	,								
'10	Norvégia								
'11	,								
'12	Finnország								
'13	,								
'14	de								
'15	2015-ben								
'16	Dánia								
'17	helyére								
'18	Belgium								
'19	jött								
'20	fel								
'21	az								
'22	ötödik								
'23	helyre								
'24	.								
									
'1	A								
'2	legjobb								
'3	összesített								
'4	eredményeket								
'5	elérő								
'6	országok								
'7	egyes								
'8	alindexekben								
'9	azonban								
'10	meglehetősen								
'11	gyengén								
'12	szerepeltek								
'13	.								
									
'1	A								
'2	harmadik								
'3	helyen								
'4	álló								
'5	,								
'6	az								
'7	egészségügyre								
'8	fejenként								
'9	sokat								
'10	áldozó								
'11	Norvégia								
'12	az								
'13	ellátás								
'14	elérhetőségében								
'15	alig								
'16	ért								
'17	el								
'18	több								
'19	pontot								
'20	mint								
'21	Magyarország								
'22	(								
'23	rendre								
'24	138								
'25	illetve								
'26	125								
'27	pont								
'28	)								
'29	a								
'30	teljesen								
'31	megmagyarázhatatlan								
'32	várólistás								
'33	állapotok								
'34	miatt								
'35	.								
									
'1	Az								
'2	EHCI								
'3	2015								
'4	10								
'5	helyén								
'6	785								
'7	ponttal								
'8	álló								
'9	svédek								
'10	is								
'11	a								
'12	végtelenített								
'13	várakozási								
'14	idők								
'15	miatt								
'16	veszítettek								
'17	sok								
'18	pontot								
'19	,								
'20	e								
'21	részterületen								
'22	a								
'23	három								
'24	legalacsonyabb								
'25	elért								
'26	eredményt								
'27	felmutató								
'28	ország								
'29	közé								
'30	kerültek								
'31	,								
'32	miután								
'33	az								
'34	írekkel								
'35	és								
'36	a								
'37	lengyelekkel								
'38	együtt								
'39	rendre								
'40	100-100								
'41	pontot								
'42	hoztak			1	VPC				
'43	össze			1					
'44	az								
'45	hozzáférhetőségben								
'46	elérhető								
'47	225-ből								
'48	.								
									
'1	Csehek								
'2	az								
'3	élen								
'4	a								
'5	régióból								
									
'1	A								
'2	kelet-európai								
'3	országok								
'4	közül								
'5	a								
'6	csehek								
'7	teljesítettek								
'8	a								
'9	legjobban								
'10	,								
'11	a								
'12	760								
'13	ponttal								
'14	elért								
'15	13								
'16	hellyel								
'17	megelőzik								
'18	a								
'19	736								
'20	pontot								
'21	összegyűjtő								
'22	Egyesült								
'23	Királyságot								
'24	is								
'25	,								
'26	és								
'27	csak								
'28	13								
'29	ponttal								
'30	maradnak								
'31	le								
'32	Ausztriától								
'33	.								
									
'1	A								
'2	rangsor								
'3	15-18								
'4	.								
'5	helyén								
'6	-								
'7	700								
'8	pont								
'9	körüli								
'10	értékkel								
'11	-								
'12	Szlovénia								
'13	,								
'14	Horvátország								
'15	,								
'16	Észtország								
'17	és								
'18	Macedónia								
'19	Volt								
'20	Jugoszláv								
'21	Köztársaság								
'22	sorakoznak								
'23	.								
									
'1	A								
'2	2015-ben								
'3	hatalmasat								
'4	,								
'5	11								
'6	helyet								
'7	előrelépő								
'8	Macedónia								
'9	2015-ben								
'10	is								
'11	képes								
'12	volt								
'13	tartani								
'14	a								
'15	jó								
'16	eredményt								
'17	.								
									
'1	A								
'2	meglepően								
'3	jó								
'4	cseh								
'5	és								
'6	észt								
'7	teljesítményt								
'8	pedig								
'9	vásárlóerő								
'10	paritáson								
'11	számolva								
'12	alacsony								
'13	fejenkénti								
'14	költés								
'15	mellett								
'16	produkálták								
'17	az								
'18	államok								
'19	.								
									
'1	A								
'2	27								
'3	helyen								
'4	álló								
'5	,								
'6	578								
'7	pontot								
'8	elérő								
'9	Magyarországgal								
'10	kapcsolatban								
'11	az								
'12	elemzők								
'13	figyelemre								
'14	méltónak								
'15	találják								
'16	,								
'17	hogy								
'18	egy								
'19	hosszú								
'20	időn								
'21	át								
'22	fennálló								
'23	állami								
'24	egészségügyi								
'25	szolgálat								
'26	mellett								
'27	-								
'28	amelyet								
'29	egyébként								
'30	az								
'31	Egyesült								
'32	Királyságéhoz								
'33	hasonlítanak								
'34	-								
'35	még								
'36	mindig								
'37	meglehetősen								
'38	gyenge								
'39	a								
'40	betegjogok								
'41	képviselete								
'42	és								
'43	az								
'44	információközlés								
'45	,								
'46	az								
'47	ellátás								
'48	elérhetősége								
'49	és								
'50	a								
'51	gyógyítási								
'52	eredmények								
'53	is								
'54	.								
									
'1	Pozitívumként								
'2	említik								
'3	a								
'4	dohányzás								
'5	megelőzése								
'6	érdekében								
'7	tett			1	LVC				
'8	intézkedéseket			1					
'9	.								
									
'1	Görögország								
'2	tavaly								
'3	a								
'4	22								
'5	helyről								
'6	zuhant								
'7	vissza								
'8	a								
'9	28-ra								
'10	,								
'11	vélhetően								
'12	annak								
'13	is								
'14	köszönhetően								
'15	,								
'16	hogy								
'17	2009-2011								
'18	között								
'19	28								
'20	százalékkal								
'21	vágták								
'22	vissza								
'23	az								
'24	egészségügyi								
'25	kiadásokat								
'26	,								
'27	s								
'28	2013-ra								
'29	csak								
'30	egy								
'31	százalékkal								
'32	növelték								
'33	a								
'34	költést								
'35	.								
									
'1	Ez								
'2	egyedülálló								
'3	lépés								
'4	volt								
'5	a								
'6	válság								
'7	által								
'8	különösen								
'9	sújtott								
'10	országokban								
'11	-								
'12	Spanyolország								
'13	,								
'14	Portugália								
'15	,								
'16	a								
'17	balti								
'18	államok								
'19	-								
'20	,								
'21	amelyek								
'22	közül								
'23	egyik								
'24	sem								
'25	jelentett								
'26	ilyen								
'27	súlyos								
'28	restrikciót								
'29	.								
									
'1	Az								
'2	egyes								
'3	alindexek								
'4	maximumait								
'5	egy								
'6	terület								
'7	kivételével								
'8	az								
'9	első								
'10	helyezettek								
'11	sem								
'12	érték								
'13	el								
'14	.								
									
'1	Egyetlen								
'2	kivételként								
'3	,								
'4	az								
'5	ellátáshoz								
'6	való								
'7	hozzáférhetőség								
'8	kategóriában								
'9	,								
'10	az								
'11	élenjáró								
'12	Belgium								
'13	és								
'14	Svájc								
'15	az								
'16	összes								
'17	ide								
'18	tartozó								
'19	indikátorban								
'20	maximálisan								
'21	teljesített								
'22	.								
									
'1	A								
'2	betegjogok								
'3	és								
'4	informáltság								
'5	kérdésében								
'6	Hollandia								
'7	és								
'8	Norvégia								
'9	teljesített								
'10	a								
'11	legjobban								
'12	.								
									
'1	A								
'2	szolgáltatások								
'3	bőkezűségében								
'4	a								
'5	skandináv								
'6	államok								
'7	,								
'8	Finnország								
'9	,								
'10	Norvégia								
'11	és								
'12	Svédország								
'13	állnak			1	ID				
'14	az			1					
'15	élen			1					
'16	.								
									
'1	Az								
'2	elemzők								
'3	szerint								
'4	az								
'5	összes								
'6	európai								
'7	országnak								
'8	nagyobb								
'9	figyelmet			1	LVC				
'10	kell								
'11	fordítania			1					
'12	arra								
'13	a								
'14	jövőben								
'15	,								
'16	hogy								
'17	az								
'18	elérhető								
'19	szolgáltatásokról								
'20	pontosan								
'21	informálja								
'22	a								
'23	betegeket								
'24	.								
									
'1	A								
'2	megelőzésben								
'3	Finnország								
'4	,								
'5	Németország								
'6	,								
'7	Írország								
'8	,								
'9	Hollandia								
'10	és								
'11	az								
'12	Egyesült								
'13	Királyság								
'14	szerezte								
'15	meg								
'16	a								
'17	legjobb								
'18	helyezést								
'19	.								
									
'1	A								
'2	gyógyítási								
'3	eredményei								
'4	,								
'5	egészségügyi								
'6	mutatói								
'7	Izlandnak								
'8	,								
'9	Hollandiának								
'10	és								
'11	Norvégiának								
'12	a								
'13	legjobbak								
'14	.								
									
'1	A								
'2	2015-ös								
'3	EHCI-ből								
'4	kiderült								
'5	,								
'6	tízszeres								
'7	a								
'8	különbség								
'9	az								
'10	országok								
'11	vásárlóerő								
'12	paritáson								
'13	számolt								
'14	,								
'15	fejenkénti								
'16	egészségügyi								
'17	kiadásaiban								
'18	.								
									
'1	A								
'2	sor								
'3	legvégén								
'4	álló								
'5	Albánia								
'6	évi								
'7	600								
'8	dollárt								
'9	költ								
'10	lakosonként								
'11	az								
'12	egészségügyre								
'13	,								
'14	az								
'15	éllovasoknál								
'16	,								
'17	Norvégiában								
'18	,								
'19	Svájcban								
'20	és								
'21	Luxemburgban								
'22	6000								
'23	dollár								
'24	jut								
'25	fejenként								
'26	az								
'27	egészségre								
'28	.								
									
'1	Mi								
'2	a								
'3	helyzet								
'4	Magyarországon								
'5	?								
									
'1	A								
'2	betegjogok								
'3	érvényesítésében								
'4	Magyarország								
'5	2015-ben								
'6	88								
'7	pontot								
'8	szerzett								
'9	az								
'10	elérhető								
'11	150-ből								
'12	,								
'13	tavaly								
'14	még								
'15	96								
'16	pontot								
'17	sikerült								
'18	összegyűjteni								
'19	.								
									
'1	Ez								
'2	azt								
'3	jelenti								
'4	,								
'5	hogy								
'6	a								
'7	2014-es								
'8	alindex								
'9	27								
'10	helyéről								
'11	2015-re								
'12	a								
'13	29								
'14	helyre								
'15	csúsztunk								
'16	vissza								
'17	.								
									
'1	Változatlanul								
'2	problémás								
'3	a								
'4	betegszervezetek								
'5	bevonása								
'6	a								
'7	döntésekbe								
'8	,								
'9	hiányzik								
'10	az								
'11	ellátók								
'12	minőségi								
'13	besorolása								
'14	,								
'15	a								
'16	műhiba								
'17	biztosítás								
'18	és								
'19	az								
'20	e-recept								
'21	is								
'22	.								
									
'1	Jelentősen								
'2	csökkent								
'3	2014-ről								
'4	2015-re								
'5	az								
'6	ellátás								
'7	hozzáférhetőségét								
'8	és								
'9	a								
'10	várakozási								
'11	időt								
'12	értékelő								
'13	pontszám								
'14	,								
'15	míg								
'16	az								
'17	egy								
'18	évvel								
'19	korábbi								
'20	indexben								
'21	163								
'22	pontot								
'23	gyűjtött								
'24	Magyarország								
'25	az								
'26	elérhető								
'27	225-ből								
'28	,								
'29	2015-ben								
'30	csupán								
'31	125								
'32	pont								
'33	jött								
'34	össze								
'35	,								
'36	a								
'37	CT								
'38	diagnosztika								
'39	7								
'40	napon								
'41	túli								
'42	elérhetősége								
'43	,								
'44	a								
'45	tervezett								
'46	műtétekre								
'47	való								
'48	90								
'49	napnál								
'50	hosszabb								
'51	,								
'52	és								
'53	a								
'54	rákterápiák								
'55	alkalmazásához								
'56	való								
'57	21								
'58	napnál								
'59	hosszabb								
'60	várakozási								
'61	idők								
'62	miatt								
'63	ezeket								
'64	a								
'65	területeket								
'66	piros								
'67	mezővel								
'68	értékelték								
'69	az								
'70	index								
'71	készítői								
'72	.								
									
'1	A								
'2	gyógyítás								
'3	területén								
'4	felmért								
'5	8								
'6	indikátor								
'7	magyarországi								
'8	összpontszáma								
'9	az								
'10	elérhető								
'11	250-ből								
'12	125								
'13	pont								
'14	10-zel								
'15	több								
'16	,								
'17	mint								
'18	egy								
'19	évvel								
'20	korábban								
'21	.								
									
'1	Pirossal								
'2	jelezték								
'3	a								
'4	szív								
'5	-								
'6	és								
'7	érrendszeri								
'8	halálozási								
'9	,								
'10	valamint								
'11	a								
'12	rákos								
'13	megbetegedések								
'14	túlélési								
'15	mutatóit								
'16	,								
'17	a								
'18	potenciálisan								
'19	elvesztett								
'20	életévek								
'21	számát								
'22	,								
'23	a								
'24	multirezisztens								
'25	kórkozók								
'26	miatti								
'27	betegségek								
'28	kezelési								
'29	eredményeit								
'30	és								
'31	az								
'32	abortusz								
'33	rátát								
'34	.								
									
'1	A								
'2	2014-es								
'3	88								
'4	pontról								
'5	94								
'6	pontra								
'7	javult								
'8	a								
'9	nyújtott			1	LVC				
'10	egészségügyi								
'11	szolgáltatások			1					
'12	széleskörűségének								
'13	értékelése								
'14	,								
'15	itt								
'16	a								
'17	maximum								
'18	150								
'19	pont								
'20	volt								
'21	.								
									
'1	Ezen								
'2	belül								
'3	az								
'4	egészségügyi								
'5	rendszer								
'6	méltányosságát								
'7	,								
'8	a								
'9	hálapénzt								
'10	és								
'11	az								
'12	ezer								
'13	élve								
'14	születésre								
'15	jutó								
'16	császármetszések								
'17	számát								
'18	" "								
'19	piros								
'20	lappal								
'21	" "								
'22	jelölték								
'23	az								
'24	indexben								
'25	.								
									
'1	Hálapénz								
'2	ügyben								
'3	európai								
'4	összesítésében								
'5	csak								
'6	Albánia								
'7	van								
'8	rosszabb								
'9	helyzetben								
'10	Magyarországnál								
'11	,								
'12	Bulgária								
'13	pedig								
'14	szorosan								
'15	Magyarország								
'16	mellett								
'17	állva								
'18	jelzi								
'19	,								
'20	a								
'21	rendszert								
'22	a								
'23	boríték								
'24	működteti								
'25	.								
									
'1	Kedvezőbb								
'2	az								
'3	eredmény								
'4	a								
'5	prevenciót								
'6	minősítő								
'7	indikátorok								
'8	összesítésekor								
'9	.								
									
'1	Az								
'2	elérhető								
'3	125								
'4	pontból								
'5	89								
'6	pontot								
'7	kapott								
'8	a								
'9	magyar								
'10	egészségügy								
'11	(								
'12	a								
'13	2014-es								
'14	adat								
'15	83								
'16	pont								
'17	)								
'18	,								
'19	a								
'20	gyerekek								
'21	átoltottságával								
'22	Magyarország								
'23	az								
'24	első								
'25	a								
'26	35								
'27	országból								
'28	,								
'29	a								
'30	vérnyomás								
'31	-								
'32	és								
'33	alkoholbetegség								
'34	prevenciója								
'35	azonban								
'36	pirossal								
'37	jelzett								
'38	.								
									
'1	A								
'2	gyógyszeriparnál								
'3	tavalyhoz								
'4	hasonlóan								
'5	57								
'6	pontot								
'7	könyvelhettünk								
'8	el								
'9	a								
'10	maximális								
'11	100-ból								
'12	,								
'13	az								
'14	EHCI								
'15	az								
'16	új								
'17	gyógyszerek								
'18	-								
'19	közte								
'20	a								
'21	rákgyógyszerek								
'22	-								
'23	és								
'24	az								
'25	artritisz								
'26	kezelésére								
'27	alkalmas								
'28	terápiák								
'29	elérhetősége								
'30	került								
'31	a								
'32	nem								
'33	megfelelő								
'34	kategóriába								
'35	.								
									
'1	http://index.hu/kultur/eletmod/2016/01/24/dining_guide_teszt_budapest_portinari_michelin-csillag/								
									
'1	Kalas								
'2	Györgyi								
									
'1	2016.01.24								
'2	.								
									
'1	12								
'2	:								
'3	20								
									
'1	Az								
'2	elmúlt								
'3	években								
'4	nagyon								
'5	sokszor								
'6	leírtuk								
'7	,								
'8	hogy								
'9	mennyit								
'10	fejlődött								
'11	a								
'12	magyar								
'13	gasztronómia								
'14	,								
'15	hogy								
'16	a								
'17	fél								
'18	világ								
'19	a								
'20	budapesti								
'21	kajákról								
'22	beszél								
'23	,								
'24	és								
'25	hogy								
'26	aztán								
'27	most								
'28	már								
'29	végképp								
'30	nincs								
'31	min								
'32	szégyenkeznünk								
'33	a								
'34	világ								
'35	többi								
'36	része								
'37	előtt								
'38	.								
									
'1	Én								
'2	mondjuk								
'3	tényleg								
'4	így								
'5	gondolom								
'6	,								
'7	de								
'8	aztán								
'9	végigjártam								
'10	egy								
'11	két								
'12	Michelin-csillagos								
'13	olasz								
'14	séffel								
'15	Budapest								
'16	legjobb								
'17	éttermeit								
'18	,								
'19	és								
'20	úgy								
'21	leesett			1	ID				
'22	az			1					
'23	állam			1					
'24	,								
'25	hogy								
'26	még								
'27	most								
'28	is								
'29	keresem								
'30	valahol								
'31	Pest								
'32	és								
'33	Buda								
'34	között								
'35	.								
									
'1	Nicola								
'2	Portinari								
'3	,								
'4	a								
'5	Veronához								
'6	közeli								
'7	La								
'8	Peca								
'9	étterem								
'10	szakácsa								
'11	nem								
'12	mondható								
'13	kezdőnek								
'14	,								
'15	már								
'16	1992-ben								
'17	,								
'18	28								
'19	évesen								
'20	Michelin-csillagot								
'21	kapott								
'22	,								
'23	tehát								
'24	nagyjából								
'25	akkor								
'26	,								
'27	amikor								
'28	mi								
'29	még								
'30	bőven								
'31	azt								
'32	gondoltuk								
'33	,								
'34	hogy								
'35	a								
'36	hamburgernek								
'37	természetes								
'38	összetevője								
'39	a								
'40	csalamádé								
'41	,								
'42	és								
'43	hogy								
'44	az								
'45	igazi								
'46	ínyenc								
'47	ananászt								
'48	tesz								
'49	a								
'50	pizzára								
'51	.								
									
'1	2008-ban								
'2	,								
'3	amikor								
'4	nálunk								
'5	már								
'6	kezdett								
'7	nyílni								
'8	egy-két								
'9	jó								
'10	étterem								
'11	,								
'12	akkor								
'13	Portinari								
'14	már								
'15	a								
'16	második								
'17	csillagot								
'18	is								
'19	megkapta								
'20	.								
									
'1	Olaszországban								
'2	egyébként								
'3	32								
'4	két								
'5	Michelin-csillagos								
'6	séf								
'7	van								
'8	,								
'9	ami								
'10	világviszonylatban								
'11	elég								
'12	magas								
'13	arány								
'14	.								
									
'1	Portinari								
'2	a								
'3	Dining								
'4	Guide								
'5	meghívására								
'6	érkezett								
'7	Magyarországra								
'8	,								
'9	az								
'10	ő								
'11	ötletük								
'12	volt								
'13	ugyanis								
'14	,								
'15	hogy								
'16	ezentúl								
'17	nem								
'18	magyar								
'19	tesztelőkkel								
'20	választják								
'21	meg								
'22	az								
'23	ország								
'24	legjobb								
'25	éttermeit								
'26	,								
'27	hanem								
'28	egy								
'29	külföldi								
'30	sztárszakáccsal								
'31	.								
									
'1	(								
'2	Az								
'3	előtesztelést								
'4	persze								
'5	magyarok								
'6	végzik								
'7	,								
'8	a								
'9	vendégellenőr								
'10	már								
'11	csak								
'12	a								
'13	húsz								
'14	legjobbnak								
'15	kiválasztott								
'16	étterembe								
'17	megy								
'18	.								
'19	)								
									
'1	Azt								
'2	remélik								
'3	,								
'4	így								
'5	aztán								
'6	mindenkitől								
'7	teljesen								
'8	függetlenül								
'9	születhet								
'10	meg								
'11	a								
'12	magyar								
'13	éttermek								
'14	értékelése								
'15	.								
									
'1	A								
'2	sztárszakács								
'3	egyébként								
'4	az								
'5	első								
'6	találkozáskor								
'7	nagyon								
'8	nem								
'9	tűnt								
'10	olyannak								
'11	,								
'12	mint								
'13	aki								
'14	annyira								
'15	szeretne								
'16	nálunk								
'17	bármit								
'18	is								
'19	enni								
'20	.								
									
'1	Életében								
'2	először								
'3	volt								
'4	Budapesten								
'5	,								
'6	kicsit								
'7	úgy								
'8	érkezett								
'9	ide								
'10	,								
'11	mintha								
'12	Albániába								
'13	menne								
'14	.								
									
'1	Első								
'2	nap								
'3	a								
'4	felesége								
'5	annyit								
'6	üzent								
'7	neki								
'8	,								
'9	hogy								
'10	ha								
'11	nagy								
'12	baj								
'13	van								
'14	,								
'15	azonnal								
'16	menjen								
'17	haza								
'18	.								
									
'1	Hatalmas								
'2	élmény								
'3	volt								
'4	vele								
'5	bárhova								
'6	beülni								
'7	,								
'8	mérnöki								
'9	pontossággal								
'10	ismert								
'11	fel								
'12	már								
'13	szagról								
'14	minden								
'15	alapanyagot								
'16	és								
'17	fűszert								
'18	,								
'19	és								
'20	ránézésre								
'21	megállapított								
'22	bármilyen								
'23	főzési								
'24	technikát								
'25	.								
									
'1	Azután								
'2	mindent								
'3	darabokra								
'4	szedett								
'5	és								
'6	egyenként								
'7	kielemezett								
'8	.								
									
'1	Először								
'2	azt								
'3	hittem								
'4	,								
'5	nem								
'6	is								
'7	szeret								
'8	enni								
'9	,								
'10	mert								
'11	mindent								
'12	a								
'13	tányéron								
'14	hagyott								
'15	,								
'16	de								
'17	aztán								
'18	néha-néha								
'19	amikor								
'20	rábukkant								
'21	egy								
'22	kellemes								
'23	ízre								
'24	,								
'25	felgyorsultak								
'26	a								
'27	mozdulatai								
'28	,								
'29	úgy								
'30	lapátolt								
'31	,								
'32	mint								
'33	egy								
'34	kisgyerek								
'35	,								
'36	mosolygott								
'37	és								
'38	hosszan								
'39	kóstolgatta								
'40	az								
'41	ételt								
'42	.								
									
'1	Nicola								
'2	Portinari								
									
'1	Fotó								
'2	:								
'3	Nagy								
'4	Balázs								
									
'1	Mindig								
'2	azzal								
'3	vigasztalt								
'4	,								
'5	hogy								
'6	ne								
'7	izguljak								
'8	,								
'9	nem								
'10	a								
'11	mostani								
'12	Olaszországhoz								
'13	méri								
'14	az								
'15	itteni								
'16	éttermeket								
'17	.								
									
'1	Nem								
'2	volt								
'3	rosszindulatú								
'4	,								
'5	csak								
'6	végtelenül								
'7	profi								
'8	és								
'9	kritikus								
'10	,								
'11	volt								
'12	olyan								
'13	étterem								
'14	,								
'15	ahonnan								
'16	egyszerűen								
'17	eljött								
'18	,								
'19	amikor								
'20	meglátta								
'21	,								
'22	hogy								
'23	a								
'24	séfnek								
'25	le								
'26	van								
'27	csúszva								
'28	a								
'29	nadrágja								
'30	,								
'31	és								
'32	kilátszik								
'33	a								
'34	feneke								
'35	,								
'36	vagy								
'37	koszos								
'38	volt								
'39	a								
'40	felszolgálón								
'41	a								
'42	fehér								
'43	kesztyű								
'44	.								
									
'1	A								
'2	kesztyűs								
'3	bohóckodást								
'4	nem								
'5	is								
'6	értette								
'7	,								
'8	állítása								
'9	szerint								
'10	ez								
'11	a								
'12	jobb								
'13	éttermekben								
'14	már								
'15	évtizedek								
'16	óta								
'17	nem								
'18	divat								
'19	,								
'20	alapvetően								
'21	mindenhol								
'22	igyekeznek								
'23	sokkal								
'24	lazábban								
'25	hozzáállni								
'26	a								
'27	vendéghez								
'28	,								
'29	nálunk								
'30	pedig								
'31	ennek								
'32	az								
'33	ellenkezőjét								
'34	tapasztalta								
'35	.								
									
'1	Két								
'2	étteremben								
'3	is								
'4	kifogásolta								
'5	,								
'6	hogy								
'7	büdös								
'8	volt								
'9	a								
'10	hús								
'11	,								
'12	az								
'13	egyikben								
'14	szerinte								
'15	romlott								
'16	volt								
'17	a								
'18	velő								
'19	,								
'20	egy								
'21	másikban								
'22	pedig								
'23	azt								
'24	mondta								
'25	,								
'26	hogy								
'27	az								
'28	ételnek								
'29	sütőszaga								
'30	van								
'31	(								
'32	és								
'33	ez								
'34	a								
'35	húsz								
'36	legjobb								
'37	étterem								
'38	egyike								
'39	.								
'40	)								
									
'1	A								
'2	sütőszag								
'3	hatalmas								
'4	hiba								
'5	,								
'6	hiszen								
'7	a								
'8	személyzetnek								
'9	azzal								
'10	kellene								
'11	indítani								
'12	minden								
'13	műszakot								
'14	,								
'15	hogy								
'16	alaposan								
'17	kimossa								
'18	a								
'19	sütőt								
'20	.								
									
'1	Ő								
'2	,								
'3	mint								
'4	mondta								
'5	,								
'6	még								
'7	a								
'8	kávégépet								
'9	is								
'10	szétszedi								
'11	minden								
'12	áldott								
'13	nap								
'14	,								
'15	hogy								
'16	ne								
'17	maradjon								
'18	benne								
'19	sav								
'20	.								
									
'1	A								
'2	hús								
'3	kissé								
'4	megégett								
'5	és								
'6	túl								
'7	sok								
'8	olajat								
'9	szívott								
'10	magába								
'11	-								
'12	mutatja								
'13	Portinari								
									
'1	Fotó								
'2	:								
'3	Kalas								
'4	Györgyi								
'5	/								
'6	Index								
									
'1	Mindent								
'2	pontosan								
'3	kielemezett								
'4	,								
'5	azonnal								
'6	sorolta								
'7	az								
'8	összetevőket								
'9	,								
'10	a								
'11	fűszereket								
'12	,								
'13	a								
'14	fűszerek								
'15	mennyiségét								
'16	,								
'17	a								
'18	sütés								
'19	idejét								
'20	,								
'21	illetve								
'22	mindig								
'23	próbált								
'24	belehelyezkedni			1	ID				
'25	a								
'26	séf								
'27	fejébe			1					
'28	,								
'29	hogy								
'30	vajon								
'31	mi								
'32	lehetett								
'33	az								
'34	étellel								
'35	a								
'36	célja								
'37	.								
									
'1	Azt								
'2	is								
'3	megmondta								
'4	általában								
'5	egy								
'6	tányér								
'7	után								
'8	,								
'9	hogy								
'10	menyi								
'11	idős								
'12	a								
'13	séf								
'14	.								
									
'1	De								
'2	megmondta								
'3	azt								
'4	is								
'5	,								
'6	ha								
'7	már								
'8	túlvirágzott								
'9	a								
'10	brokkoli								
'11	,								
'12	és								
'13	azt								
'14	is								
'15	,								
'16	ha								
'17	nem								
'18	igazi								
'19	parmezánt								
'20	használtak								
'21	,								
'22	csak								
'23	annak								
'24	mondták								
'25	,								
'26	sőt								
'27	azt								
'28	is								
'29	megmondta								
'30	íz								
'31	alapján								
'32	hány								
'33	hónapig								
'34	érlelték								
'35	az								
'36	adott								
'37	sajtot								
'38	.								
									
'1	Persze								
'2	lehet								
'3	mondani								
'4	ezekre								
'5	a								
'6	dolgokra								
'7	,								
'8	hogy								
'9	mekkora								
'10	hülyeség								
'11	,								
'12	meg								
'13	lehet								
'14	csodálni								
'15	is								
'16	valakit								
'17	,								
'18	hogy								
'19	ennyire								
'20	ért								
'21	a								
'22	szakmájához								
'23	.								
									
'1	Nem								
'2	annyira								
'3	az								
'4	ízeket								
'5	pontozta								
'6	egyébként								
'7	,								
'8	hanem								
'9	inkább								
'10	a								
'11	technológiát								
'12	.								
									
'1	Ízlésről								
'2	lehet								
'3	vitatkozni								
'4	,								
'5	arról								
'6	azonban								
'7	nem								
'8	,								
'9	hogy								
'10	hogy								
'11	egy								
'12	hús								
'13	megfelelően								
'14	van-e								
'15	elkészítve								
'16	,								
'17	vagy								
'18	éppen								
'19	rosszul								
'20	kezelték								
'21	,								
'22	esetleg								
'23	nyers								
'24	.								
									
'1	Ezek								
'2	tények								
'3	.								
									
'1	Minden								
'2	ételt								
'3	darabokra								
'4	szedett								
'5	,								
'6	és								
'7	olyan								
'8	molekuláris								
'9	szinten								
'10	kielemzett								
'11	,								
'12	ami								
'13	szerintem								
'14	rajtam								
'15	kívül								
'16	nem								
'17	sok								
'18	mindenkit								
'19	érdekel								
'20	.								
									
'1	És								
'2	nem								
'3	is								
'4	mindig								
'5	értettünk								
'6	egyet								
'7	,								
'8	ettünk								
'9	például								
'10	olyan								
'11	főételt								
'12	,								
'13	amit								
'14	ő								
'15	lepontozott								
'16	,								
'17	mert								
'18	szerinte								
'19	nem								
'20	volt								
'21	szezonális								
'22	,								
'23	nekem								
'24	viszont								
'25	ízre								
'26	és								
'27	harmóniára								
'28	az								
'29	egyik								
'30	kedvencem								
'31	volt								
'32	,								
'33	eszembe								
'34	sem								
'35	jutott								
'36	azon								
'37	gondolkodni								
'38	,								
'39	hogy								
'40	a								
'41	cukkininek								
'42	éppen								
'43	szezonja								
'44	van-e								
'45	.								
									
'1	Portinari								
'2	többször								
'3	viccelődött								
'4	azon								
'5	,								
'6	hogy								
'7	Magyarország								
'8	a								
'9	cukkini								
'10	országa								
'11	,								
'12	alig								
'13	evett								
'14	olyan								
'15	tányért								
'16	,								
'17	amin								
'18	ne								
'19	lett								
'20	volna								
'21	cukkini								
'22	.								
									
'1	Pedig								
'2	cukkinit								
'3	még								
'4	Olaszországban								
'5	sem								
'6	használnak								
'7	ebben								
'8	az								
'9	időszakban								
'10	,								
'11	nemhogy								
'12	itt								
'13	.								
									
'1	Emellett								
'2	szerinte								
'3	olajmániánk								
'4	is								
'5	van								
'6	,								
'7	többször								
'8	megkérdezte								
'9	,								
'10	hogy								
'11	vajon								
'12	mi								
'13	a								
'14	fenének								
'15	locsolnak								
'16	itt								
'17	mindent								
'18	körbe								
'19	olívaolajjal								
'20	díszítésnek								
'21	.								
									
'1	Az								
'2	ugyanis								
'3	nem								
'4	szép								
'5	,								
'6	hanem								
'7	ronda								
'8	,								
'9	és								
'10	fölösleges								
'11	zsírozza								
'12	az								
'13	ételt								
'14	.								
									
'1	Fotó								
'2	:								
'3	Nagy								
'4	Balázs								
									
'1	Amikor								
'2	megkapott								
'3	egy								
'4	ételt								
'5	,								
'6	először								
'7	megnézte								
'8	,								
'9	majd								
'10	megszagolta								
'11	.								
									
'1	A								
'2	látvány								
'3	és								
'4	az								
'5	illat								
'6	sok								
'7	mindent								
'8	eldönt								
'9	.								
									
'1	Nem								
'2	szerette								
'3	,								
'4	ha								
'5	túl								
'6	sok								
'7	minden								
'8	van								
'9	a								
'10	tányéron								
'11	,								
'12	biztosan								
'13	lepontozott								
'14	egy								
'15	olyan								
'16	tányért								
'17	,								
'18	amiről								
'19	úgy								
'20	érezte								
'21	,								
'22	nem								
'23	reprodukálható								
'24	ugyanígy								
'25	bármikor								
'26	.								
									
'1	Nem								
'2	szerette								
'3	azt								
'4	sem								
'5	,								
'6	ha								
'7	egyszínű								
'8	egy								
'9	tányér								
'10	,								
'11	például								
'12	túl								
'13	sárga								
'14	,								
'15	nem								
'16	szerette								
'17	az								
'18	olajat								
'19	és								
'20	nem								
'21	szerette								
'22	" "								
'23	a								
'24	tányérra								
'25	aggatott								
'26	gazokat								
'27	" "								
'28	sem								
'29	.								
									
'1	A								
'2	rákról								
'3	ránézésre								
'4	megmondta								
'5	,								
'6	hogy								
'7	fagyasztott-e								
'8	,								
'9	ahhoz								
'10	egy								
'11	ujjal								
'12	sem								
'13	ért								
'14	hozzá								
'15	,								
'16	de								
'17	hozzátette								
'18	,								
'19	hogy								
'20	megérti								
'21	,								
'22	hát								
'23	nem								
'24	lehet								
'25	mindenkinek								
'26	tengere								
'27	.								
									
'1	Az								
'2	értékelésnél								
'3	azt								
'4	nézte								
'5	,								
'6	hogy								
'7	megfelelően								
'8	kezelték-e								
'9	e								
'10	húst								
'11	,								
'12	pihentették-e								
'13	a								
'14	marhát								
'15	,								
'16	kicsöpögtették-e								
'17	a								
'18	halat								
'19	,								
'20	megfelelő								
'21	hőmérsékleten								
'22	sütötték-e								
'23	e								
'24	húst								
'25	,								
'26	milyen								
'27	volt								
'28	a								
'29	tálalás								
'30	mennyire								
'31	volt								
'32	harmonikus								
'33	a								
'34	köret								
'35	és								
'36	a								
'37	hús								
'38	mennyire								
'39	volt								
'40	innovatív								
'41	a								
'42	séf								
'43	,								
'44	mennyire								
'45	volt								
'46	kreatív								
'47	az								
'48	étel								
'49	,								
'50	nem								
'51	volt-e								
'52	unalmas								
'53	olyan								
'54	tányért								
'55	kapott-e								
'56	,								
'57	ami								
'58	bármikor								
'59	ugyanúgy								
'60	ismételhető								
'61	illetve								
'62	hogy								
'63	mennyire								
'64	volt								
'65	szezonális								
'66	és								
'67	helyi								
'68	az								
'69	alapanyag								
'70	.								
									
'1	Ha								
'2	valami								
'3	magyar								
'4	dolgot								
'5	kapott								
'6	,								
'7	azt								
'8	mindig								
'9	nagyon								
'10	értékelte								
'11	.								
									
'1	Nem								
'2	szerette								
'3	,								
'4	hogy								
'5	sokat								
'6	kell								
'7	enni								
'8	,								
'9	általános								
'10	megállapítása								
'11	volt								
'12	egyébként								
'13	,								
'14	hogy								
'15	túl								
'16	sok								
'17	étel								
'18	van								
'19	a								
'20	tányérokon								
'21	.								
									
'1	El								
'2	tudom								
'3	képzelni								
'4	,								
'5	hányan								
'6	röhögnek								
'7	most								
'8	fel								
'9	hangosan								
'10	.								
									
'1	Portinari								
'2	szerint								
'3	sokkal								
'4	kevesebbet								
'5	kell								
'6	enni								
'7	,								
'8	mint								
'9	amennyit								
'10	mi								
'11	eszünk								
'12	,								
'13	ő								
'14	reggelire								
'15	csak								
'16	kekszet								
'17	,								
'18	vagy								
'19	egy								
'20	szelet								
'21	süteményt								
'22	eszik								
'23	,								
'24	amit								
'25	a								
'26	felesége								
'27	süt								
'28	,								
'29	ebédre								
'30	70-80								
'31	gramm								
'32	tésztát								
'33	(								
'34	összehasonlításképpen								
'35	egy								
'36	zacskó								
'37	spagetti								
'38	500								
'39	gramm								
'40	)								
'41	,								
'42	vacsorára								
'43	pedig								
'44	egy								
'45	szelet								
'46	húst								
'47	salátával								
'48	.								
									
'1	Ennek								
'2	a								
'3	csirkének								
'4	a								
'5	belseje								
'6	nincs								
'7	megsülve								
'8	,								
'9	a								
'10	díszítésként								
'11	köré								
'12	tett								
'13	zöldségek								
'14	pedig								
'15	a								
'16	rájuk								
'17	került								
'18	olaj								
'19	miatt								
'20	nem								
'21	éppen								
'22	gusztusosak								
									
'1	Fotó								
'2	:								
'3	Kalas								
'4	Györgyi								
									
'1	A								
'2	magyar								
'3	kajára								
'4	nem								
'5	is								
'6	panaszkodott								
'7	annyira								
'8	,								
'9	de								
'10	a								
'11	kávéktól								
'12	rettenetesen								
'13	szenvedett								
'14	,								
'15	többször								
'16	a								
'17	határán								
'18	volt								
'19	annak								
'20	,								
'21	hogy								
'22	beüljön								
'23	az								
'24	autóba								
'25	,								
'26	és								
'27	elmenjen								
'28	az								
'29	Anyukám								
'30	mondtá-ba								
'31	,								
'32	ahol								
'33	,								
'34	mint								
'35	megtudtam								
'36	,								
'37	ugyanazt								
'38	a								
'39	kávéfajtát								
'40	használják								
'41	,								
'42	amit								
'43	ő								
'44	is								
'45	a								
'46	két								
'47	Michelin-csillagos								
'48	éttermében								
'49	.								
									
'1	A								
'2	kávéról								
'3	is								
'4	olyan								
'5	hosszan								
'6	beszélt								
'7	,								
'8	hogy								
'9	ha								
'10	én								
'11	azt								
'12	itt								
'13	leírom								
'14	,								
'15	akkor								
'16	jön								
'17	valaki								
'18	,								
'19	és								
'20	agyonüt								
'21	egy								
'22	kézműves								
'23	kávéőrlővel								
'24	.								
									
'1	Mindenesetre								
'2	a								
'3	lényeg								
'4	:								
'5	fele								
'6	kávé								
'7	,								
'8	fele								
'9	pedig								
'10	tetején								
'11	a								
'12	krém								
'13	.								
									
'1	Ennyi								
'2	.								
									
'1	Hogy								
'2	végül								
'3	melyik								
'4	Magyarország								
'5	húsz								
'6	legjobb								
'7	étterme								
'8	,								
'9	az								
'10	a								
'11	február								
'12	29-i								
'13	gálára								
'14	időzített								
'15	Volkswagen-Dining								
'16	Guide								
'17	Top								
'18	100								
'19	Étteremkalauzból								
'20	kiderül								
'21	.								
									
'1	A								
'2	Gault&Millau								
'3	(								
'4	amit								
'5	itthon								
'6	a								
'7	Magyar								
'8	Gasztronómiai								
'9	Egyesület								
'10	tesztel								
'11	)								
'12	nemrég								
'13	jött								
'14	ki								
'15	saját								
'16	rangsorával								
'17	,								
'18	náluk								
'19	az								
'20	Alabárdos								
'21	lett								
'22	az								
'23	év								
'24	étterme								
'25	,								
'26	és								
'27	az								
'28	Onyx								
'29	végzett								
'30	az								
'31	élen								
'32	,								
'33	17								
'34	ponttal								
'35	az								
'36	adható								
'37	húszból								
'38	.								
									
'1	Amennyire								
'2	eddig								
'3	láttam								
'4	,								
'5	ebben								
'6	lesznek								
'7	eltérések								
'8	és								
'9	izgalmak								
'10	,								
'11	Portinarinak								
'12	volt								
'13	lesújtó								
'14	véleménye								
'15	olyan								
'16	étteremről								
'17	,								
'18	ami								
'19	a								
'20	Gaul&Millau-ban								
'21	kiemeltek								
'22	,								
'23	illetve								
'24	nagyon								
'25	jónak								
'26	értékelt								
'27	olyan								
'28	éttermeket								
'29	,								
'30	amelyek								
'31	az								
'32	említett								
'33	kalauzban								
'34	alacsonyabb								
'35	pontozásban								
'36	részesültek								
'37	.								
									
'1	A								
'2	Michelin-csillagos								
'3	éttermek								
'4	mellett								
'5	tetszett								
'6	neki								
'7	a								
'8	Costes								
'9	Downtown								
'10	,								
'11	az								
'12	Arany								
'13	Kaviár								
'14	,								
'15	az								
'16	Émile								
'17	és								
'18	a								
'19	Mák								
'20	Bistro								
'21	–								
'22	utóbbi								
'23	szerinte								
'24	egy								
'25	Michelin-csillagot								
'26	is								
'27	megkapna								
'28	,								
'29	ha								
'30	éppen								
'31	egy								
'32	jó			1	ID				
'33	napot			1					
'34	fog			1					
'35	ki			1					
'36	az								
'37	ellenőr								
'38	.								
									
'1	Bár								
'2	ő								
'3	maga								
'4	nagyon								
'5	sok								
'6	hibát								
'7	talált								
'8	,								
'9	sőt								
'10	volt								
'11	olyan								
'12	tányér								
'13	,								
'14	amit								
'15	szerinte								
'16	ki								
'17	sem								
'18	szabadott								
'19	volna								
'20	küldeni								
'21	,								
'22	de								
'23	mint								
'24	mondta								
'25	,								
'26	ezek								
'27	nem								
'28	technikai								
'29	hibák								
'30	voltak								
'31	.								
									
'1	A								
'2	nyúl								
'3	magas								
'4	pontszámot								
'5	kapott								
'6	,								
'7	mert								
'8	tökéletesen								
'9	volt								
'10	elkészítve								
'11	,								
'12	viszont								
'13	a								
'14	céklás								
'15	köret								
'16	nem								
'17	igazán								
'18	illett								
'19	hozzá								
									
'1	Fotó								
'2	:								
'3	Kalas								
'4	Györgyi								
									
'1	Végül								
'2	nem								
'3	kellett								
'4	hazamenekülnie								
'5	,								
'6	az								
'7	itt								
'8	eltöltött								
'9	öt								
'10	nap								
'11	alatt								
'12	nagy								
'13	baj								
'14	nem								
'15	volt								
'16	,								
'17	nagyon								
'18	megszerette								
'19	a								
'20	várost								
'21	is								
'22	.								
									
'1	Miután								
'2	többször								
'3	elmondta								
'4	,								
'5	hogy								
'6	van								
'7	egy								
'8	jó								
'9	30-40								
'10	éves								
'11	lemaradásunk								
'12	,								
'13	a								
'14	végén								
'15	félve								
'16	kérdeztem								
'17	,								
'18	hogy								
'19	összességében								
'20	mi								
'21	az								
'22	éttermeinkről								
'23	a								
'24	véleménye								
'25	.								
									
'1	Azt								
'2	mondta								
'3	,								
'4	várakozásán			1	ID				
'5	felül			1					
'6	teljesítettek			1					
'7	.								
									
'1	Párizs								
'2	külső								
'3	körgyűrűjén								
'4	és								
'5	a								
'6	fontosabb								
'7	repterekre								
'8	vezető								
'9	utakon								
'10	megbénult								
'11	a								
'12	forgalom								
'13	,								
'14	mert								
'15	tüntetnek								
'16	a								
'17	város								
'18	taxisai								
'19	.								
									
'1	A								
'2	sofőrök								
'3	budapesti								
'4	kollégáikhoz								
'5	hasonlóan								
'6	a								
'7	Uber								
'8	és								
'9	a								
'10	hasonló								
'11	közösségi								
'12	fuvarszolgáltatások								
'13	ellen								
'14	tiltakoznak								
'15	.								
									
'1	Több								
'2	úton								
'3	égő								
'4	abroncsokból								
'5	emeltek								
'6	barikádot								
'7	,								
'8	és								
'9	autóikkal								
'10	akadályozzák								
'11	a								
'12	haladást								
'13	.								
									
'1	Néhány								
'2	tucat								
'3	tüntető								
'4	taxis								
'5	elindult								
'6	a								
'7	Porte								
'8	Malliot								
'9	térre								
'10	,								
'11	hogy								
'12	lezárjanak								
'13	egy								
'14	nyolcsávos								
'15	utat								
'16	,								
'17	amelyik								
'18	a								
'19	körgyűrűre								
'20	vezet								
'21	.								
									
'1	Továbbá								
'2	innen								
'3	lehet								
'4	a								
'5	Beauvais								
'6	reptérre								
'7	kijutni								
'8	,								
'9	és								
'10	itt								
'11	található								
'12	a								
'13	kongresszus								
'14	új								
'15	épülete								
'16	is								
'17	.								
									
'1	A								
'2	rendőrök								
'3	felszólították								
'4	őket								
'5	arra								
'6	,								
'7	hogy								
'8	oszoljanak								
'9	,								
'10	de								
'11	ezt								
'12	többszöri								
'13	kérésre								
'14	sem								
'15	tették								
'16	meg								
'17	,								
'18	emiatt								
'19	könnygázt								
'20	vetettek			1	VPC				
'21	be			1					
'22	ellenük								
'23	.								
'24	–								
'25	írja								
'26	az								
'27	AP								
'28	.								
									
'1	A								
'2	demonstráció								
'3	akár								
'4	több								
'5	napig								
'6	is								
'7	eltarthat								
'8	,								
'9	de								
'10	már								
'11	most								
'12	repülőjáratokat								
'13	kellett								
'14	törölni								
'15	a								
'16	blokádok								
'17	miatt								
'18	.								
									
'1	Közúton								
'2	szinte								
'3	megközelíthetetlen								
'4	a								
'5	két								
'6	legnagyobb								
'7	repülőtér								
'8	,								
'9	az								
'10	Orly								
'11	és								
'12	a								
'13	Charles								
'14	De								
'15	Gaulle								
'16	is								
'17	.								
									
'1	A								
'2	Locale								
'3	arról								
'4	ír								
'5	,								
'6	hogy								
'7	több								
'8	utast								
'9	kirángattak								
'10	azokból								
'11	a								
'12	taxikból								
'13	,								
'14	amik								
'15	a								
'16	repülőtérre								
'17	tartottak								
'18	.								
									
'1	Nemcsak								
'2	a								
'3	sofőrök								
'4	tüntetnek								
'5	Franciaországban								
'6	,								
'7	sztrájkolnak								
'8	a								
'9	légiforgalom-irányítók								
'10	is								
'11	,								
'12	mert								
'13	szerintük								
'14	munkaerőhiány								
'15	van								
'16	a								
'17	területen								
'18	,								
'19	de								
'20	a								
'21	kormány								
'22	mégsem								
'23	támogatja								
'24	új								
'25	emberek								
'26	felvételét								
'27	.								
									
'1	A								
'2	közszolgák								
'3	és								
'4	a								
'5	tanárok								
'6	tömeges								
'7	elbocsátásoktól								
'8	tartanak								
'9	,								
'10	a								
'11	farmerek								
'12	pedig								
'13	Reims								
'14	környékén								
'15	azért								
'16	szerveztek								
'17	blokádot								
'18	,								
'19	mert								
'20	alacsonynak								
'21	tartják								
'22	az								
'23	élőállatok								
'24	felvásárlási								
'25	árát								
'26	–								
'27	foglalja								
'28	össze								
'29	a								
'30	lap								
'31	.								
									
'1	Orbán								
'2	télből								
'3	a								
'4	nyárba								
'5	utazik								
'6	,								
'7	és								
'8	a								
'9	fél								
'10	kormányt								
'11	magával								
'12	viszi								
									
'1	Jövő								
'2	hét								
'3	elején								
'4	Indonéziába								
'5	repül								
'6	kapcsolatokat								
'7	építeni								
'8	Orbán								
'9	Viktor								
'10	és								
'11	népes								
'12	küldöttsége								
'13	.								
									
'1	Még								
'2	Palkovics								
'3	László								
'4	felsőoktatási								
'5	államtitkárt								
'6	is								
'7	magával								
'8	viszi								
'9	.								
									
'1	Háromnapos								
'2	látogatásra								
'3	Indonéziába								
'4	indul								
'5	hétfőn								
'6	Orbán								
'7	Viktor								
'8	miniszterelnök								
'9	-								
'10	írta								
'11	egy								
'12	helyi								
'13	angol								
'14	nyelvű								
'15	lap								
'16	.								
									
'1	A								
'2	magyar								
'3	politikus								
'4	látogatásának								
'5	célja								
'6	a								
'7	kétoldalú								
'8	kereskedelmi								
'9	és								
'10	kulturális								
'11	kapcsolatok								
'12	erősítése								
'13	.								
									
'1	Orbán								
'2	február								
'3	elsején								
'4	találkozik								
'5	Joko								
'6	Widodo								
'7	elnökkel								
'8	,								
'9	a								
'10	megbeszélés								
'11	fókuszában								
'12	az								
'13	üzlet								
'14	és								
'15	az								
'16	oktatás								
'17	áll								
'18	majd								
'19	-								
'20	írta								
'21	a								
'22	lap								
'23	Németh-Pach								
'24	Judit								
'25	nagykövet								
'26	tájékoztatására								
'27	hivatkozva								
'28	.								
									
'1	Fotó								
'2	:								
'3	MTI								
'4	/								
'5	Illyés								
'6	Tibor								
									
'1	A								
'2	felek								
'3	a								
'4	halászat								
'5	és								
'6	vízgazdálkodás								
'7	,								
'8	valamint								
'9	a								
'10	felsőoktatás								
'11	területét								
'12	érintő								
'13	együttműködési								
'14	megállapodásokat								
'15	is								
'16	aláírnak								
'17	.								
									
'1	Magyarország								
'2	ötven								
'3	állami								
'4	ösztöndíjat								
'5	ajánl			1	VPC				
'6	fel			1					
'7	indonéziai								
'8	diákoknak								
'9	.								
									
'1	Orbán								
'2	Viktort								
'3	elkíséri								
'4	Szijjártó								
'5	Péter								
'6	külgazdasági								
'7	és								
'8	külügyminiszter								
'9	,								
'10	Varga								
'11	Mihály								
'12	nemzetgazdasági								
'13	miniszter								
'14	,								
'15	Fazekas								
'16	Sándor								
'17	agrárminiszter								
'18	,								
'19	Seszták								
'20	Miklós								
'21	nemzeti								
'22	fejlesztési								
'23	miniszter								
'24	és								
'25	Palkovics								
'26	László								
'27	,								
'28	felsőoktatásért								
'29	felelős								
'30	államtitkár								
'31	.								
									
'1	Magyar								
'2	üzleti								
'3	fórumot								
'4	is								
'5	tartanak								
'6	a								
'7	látogatás								
'8	idején								
'9	,								
'10	a								
'11	kormánytagok								
'12	mellett								
'13	hatvan								
'14	magyar								
'15	üzletember								
'16	és								
'17	intézményvezető								
'18	részvételével								
'19	.								
									
'1	Már								
'2	házkutatást								
'3	is								
'4	tartott								
'5	a								
'6	rendőrség								
'7	,								
'8	a								
'9	nyomozók								
'10	bizonyítékokat								
'11	foglaltak			1	VPC				
'12	le			1					
'13	a								
'14	Milan								
'15	irodáiban								
'16	is								
'17	.								
									
'1	Több								
'2	játékos								
'3	is								
'4	a								
'5	hatóságok								
'6	látókörébe								
'7	került								
'8	.								
								
'1	Az								
'2	olasz								
'3	focira								
'4	rájár								
'5	a								
'6	rúd								
'7	:								
'8	a								
'9	bundabotrányok								
'10	után								
'11	most								
'12	Adócsalás								
'13	miatt								
'14	indított								
'15	nyomozást								
'16	az								
'17	olasz								
'18	államügyészség								
'19	összesen								
'20	35								
'21	első								
'22	és								
'23	másodosztályú								
'24	futballklub								
'25	ellen								
'26	.								
									
'1	A								
'2	gyanúsítottak								
'3	64								
'4	fős								
'5	listáján								
'6	számos								
'7	klubvezető								
'8	található								
'9	,								
'10	köztük								
'11	az								
'12	AC								
'13	Milant								
'14	irányító								
'15	Adriano								
'16	Galliano								
'17	,								
'18	a								
'19	Napoli								
'20	élén								
'21	álló								
'22	Aurelio								
'23	De								
'24	Laurentiis								
'25	és								
'26	Claudio								
'27	Lotito								
'28	,								
'29	a								
'30	Lazio								
'31	első								
'32	embere								
'33	.								
									
'1	Ami								
'2	a								
'3	játékosokat								
'4	illeti								
'5	,								
'6	a								
'7	hatóságok								
'8	látókörébe								
'9	került								
'10	a								
'11	válogatott								
'12	Gabriel								
'13	Paletta								
'14	,								
'15	a								
'16	Milant								
'17	erősítő								
'18	Antonio								
'19	Nocerino								
'20	és								
'21	a								
'22	Atalantában								
'23	játszó								
'24	German								
'25	Denis								
'26	is								
'27	.								
									
'1	Ugyancsak								
'2	vizsgálat								
'3	indult								
'4	az								
'5	öt								
'6	olasz								
'7	egyesületben								
'8	is								
'9	megfordult								
'10	argentin								
'11	sztár								
'12	,								
'13	a								
'14	2012-ben								
'15	visszavonult								
'16	Hernan								
'17	Crespo								
'18	ellen								
'19	.								
									
'1	Kedden								
'2	számos								
'3	házkutatásra								
'4	került			1	LVC				
'5	sor			1					
'6	,								
'7	köztük								
'8	a								
'9	Milan								
'10	irodáiban								
'11	is								
'12	.								
									
'1	A								
'2	nyomozók								
'3	nagy								
'4	mennyiségű								
'5	bizonyítékot								
'6	foglaltak			1	VPC				
'7	le			1					
'8	.								
									
'1	Sokat								
'2	bosszankodik								
'3	azon								
'4	,								
'5	hogy								
'6	egyesek								
'7	nem								
'8	tudnak								
'9	a								
'10	mozgólépcsőn								
'11	a								
'12	megfelelő								
'13	oldalra								
'14	állni								
'15	,								
'16	és								
'17	emiatt								
'18	nem								
'19	tud								
'20	a								
'21	metró								
'22	után								
'23	szaladni								
'24	?								
									
'1	Meglepő								
'2	lehet								
'3	azt								
'4	hallani								
'5	,								
'6	hogy								
'7	igazából								
'8	a								
'9	mozgólépcsőn								
'10	sétálók								
'11	lassítják								
'12	le								
'13	a								
'14	közlekedést								
'15	,								
'16	ami								
'17	sokkal								
'18	hatékonyabb								
'19	lenne								
'20	,								
'21	ha								
'22	mindenki								
'23	türelmesen								
'24	ácsorogna								
'25	.								
									
'1	Mindenki								
'2	azt								
'3	várja								
'4	el								
'5	a								
'6	mozgólépcsőzőktől								
'7	,								
'8	hogy								
'9	amennyiben								
'10	nem								
'11	sietnek								
'12	,								
'13	húzódjanak								
'14	félre								
'15	a								
'16	jobb								
'17	oldalra								
'18	,								
'19	mert								
'20	így								
'21	a								
'22	bal								
'23	oldalon								
'24	szabadon								
'25	lehet								
'26	szaladni								
'27	.								
									
'1	A								
'2	londoni								
'3	közlekedési								
'4	vállalat								
'5	kísérletéből								
'6	viszont								
'7	az								
'8	derült								
'9	ki								
'10	,								
'11	hogy								
'12	a								
'13	mozgólépcsők								
'14	sokkal								
'15	hatékonyabbak								
'16	,								
'17	ha								
'18	minden								
'19	lépcsőfok								
'20	maximálisan								
'21	ki								
'22	van								
'23	használva								
'24	álló								
'25	utasokkal								
'26	.								
									
'1	Három								
'2	héten								
'3	át								
'4	azzal								
'5	szórakoztatták								
'6	az								
'7	utasokat								
'8	a								
'9	Holborn								
'10	állomásnál								
'11	(								
'12	ahol								
'13	évente								
'14	56								
'15	millió								
'16	ember								
'17	halad								
'18	át								
'19	)								
'20	,								
'21	hogy								
'22	megafonokba								
'23	kiabálva								
'24	buzdították								
'25	őket								
'26	a								
'27	rohangálás								
'28	megakadályozására								
'29	.								
									
'1	A								
'2	közlekedési								
'3	társaság								
'4	munkatársai								
'5	is								
'6	fel-alá								
'7	mászkáltak								
'8	a								
'9	lépcsőkön								
'10	,								
'11	hogy								
'12	blokkolják								
'13	az								
'14	utat								
'15	.								
									
'1	A								
'2	párokat								
'3	meg								
'4	egyenesen								
'5	arra								
'6	kérték								
'7	,								
'8	hogy								
'9	kézen								
'10	fogva								
'11	álljanak								
'12	egymás								
'13	mellett								
'14	,								
'15	nehogy								
'16	valaki								
'17	át								
'18	tudjon								
'19	férkőzni								
'20	közöttük								
'21	.								
									
'1	Az								
'2	már								
'3	a								
'4	Greenwich								
'5	Egyetem								
'6	2011-es								
'7	tanulmányából								
'8	kiderült								
'9	,								
'10	hogy								
'11	átlagosan								
'12	az								
'13	emberek								
'14	75								
'15	százaléka								
'16	áll								
'17	,								
'18	és								
'19	csupán								
'20	25								
'21	százalékuk								
'22	sétál								
'23	,								
'24	vagyis								
'25	a								
'26	mozgólépcső								
'27	felét								
'28	az								
'29	utasok								
'30	negyede								
'31	használja								
'32	,								
'33	ami								
'34	egyáltalán								
'35	nem								
'36	hangzik								
'37	jó								
'38	megoldásnak								
'39	.								
									
'1	Ehhez								
'2	még								
'3	azt								
'4	is								
'5	hozzá								
'6	kell								
'7	adni								
'8	,								
'9	hogy								
'10	az								
'11	álldogálók								
'12	nagyobb								
'13	távolságot								
'14	tartanak								
'15	egymás								
'16	közt								
'17	.								
									
'1	A								
'2	londoni								
'3	közlekedési								
'4	társaság								
'5	becslése								
'6	az								
'7	volt								
'8	,								
'9	hogy								
'10	percenként								
'11	akár								
'12	112,5								
'13	embert								
'14	is								
'15	el								
'16	tud								
'17	szállítani								
'18	a								
'19	mozgólépcső								
'20	,								
'21	a								
'22	korábbi								
'23	81,25								
'24	ember								
'25	helyett								
'26	,								
'27	ha								
'28	jobban								
'29	kihasználják								
'30	a								
'31	lépcsőfokokat								
'32	,								
'33	de								
'34	az								
'35	eredmény								
'36	ennél								
'37	sokkal								
'38	jobb								
'39	lett								
'40	.								
									
'1	A								
'2	számok								
'3	önmagukért								
'4	beszélnek								
'5	.								
									
'1	A								
'2	csúcsidőben								
'3	,								
'4	reggel								
'5	8								
'6	:								
'7	30								
'8	és								
'9	9								
'10	:								
'11	30								
'12	között								
'13	16220								
'14	utast								
'15	szállított								
'16	a								
'17	mozgólépcső								
'18	,								
'19	amikor								
'20	az								
'21	emberek								
'22	egymás								
'23	mellett								
'24	álltak								
'25	12745								
'26	utas								
'27	fért								
'28	fel								
'29	a								
'30	mozgólépcsőre								
'31	,								
'32	amikor								
'33	engedték								
'34	őket								
'35	rohangálni								
'36	.								
									
'1	Persze								
'2	azt								
'3	is								
'4	tudják								
'5	a								
'6	londoniak								
'7	,								
'8	hogy								
'9	a								
'10	kötelező								
'11	álldogálást								
'12	nehéz								
'13	lenne								
'14	lenyomni								
'15	az								
'16	utasok								
'17	torkán								
'18	,								
'19	és								
'20	megütné								
'21	a								
'22	guta								
'23	azokat								
'24	,								
'25	akik								
'26	csak								
'27	néhány								
'28	másodperccel								
'29	késik								
'30	le								
'31	a								
'32	metrót								
'33	,								
'34	mert								
'35	nem								
'36	tudtak								
'37	utána								
'38	rohanni								
'39	.								
									
'1	A								
'2	lillafüredi								
'3	Palotaszállóban								
'4	tartja								
'5	szokásos								
'6	kihelyezett								
'7	frakcióülését								
'8	a								
'9	Fidesz								
'10	–								
'11	KDNP								
'12	február								
'13	10								
'14	és								
'15	12								
'16	között								
'17	,								
'18	 								
'19	írja								
'20	 az								
'21	Origo								
'22	.								
									
'1	A								
'2	parlament								
'3	tavaszi								
'4	ülésszakára								
'5	készülnek								
'6	a								
'7	kormánypártok								
'8	,								
'9	Orbán								
'10	Viktor								
'11	zárt								
'12	körben								
'13	értékeli								
'14	majd								
'15	a								
'16	politikai								
'17	helyzetet								
'18	.								
									
'1	 A								
'2	lap								
'3	szerint								
'4	az								
'5	otthonteremtési								
'6	programról								
'7	,								
'8	a								
'9	menekültügy								
'10	fejleményeiről								
'11	,								
'12	a								
'13	közoktatásról								
'14	és								
'15	az								
'16	egészségügyről								
'17	tárgyalnak								
'18	majd								
'19	,								
'20	de								
'21	szóba								
'22	kerül								
'23	a								
'24	kormányzati								
'25	háttérintézmények								
'26	átalakítása								
'27	és								
'28	a								
'29	bürokráciacsökkentés								
'30	is								
'31	.								